Customer Name,Review Text,Rating,Date
Marcus Vance,"The delivery took over two weeks to arrive and the box was completely crushed. Inside, the screen was cracked! Completely unacceptable service.",1,2026-09-16
Elena Rostova,"Absolutely love the new software interface! It is lightning fast, intuitive, and saves our team hours every week. Keep up the great work!",5,2026-09-17
David Sterling,"I was charged twice on my credit card without my authorization. If this unauthorized transaction isn't refunded immediately, I am contacting my lawyer and reporting fraud to the FTC.",1,2026-09-18
Sarah Jenkins,"The price increased by 40% this year with almost zero new features. Feels like a total rip-off for loyal customers. Might switch to competitors.",2,2026-09-19
Michael Chang,"Customer service was phenomenal! Rep Sarah resolved my account issue in less than 3 minutes with great courtesy and care.",5,2026-09-20
Chloe Bennett,"Shipping arrived 3 days late, but the package was well wrapped and the device works fine. Moderate experience overall.",3,2026-09-21
Arthur Pendelton,"Major safety hazard! The power adapter began overheating and smoking within 20 minutes of being plugged into the wall. Danger of fire!",1,2026-09-22
Priya Sharma,"Product quality is top notch. Solid aluminum finish, robust keys, and very premium feel. Worth every penny.",5,2026-09-23
Brian Kelly,"Waited on hold with customer support for 45 minutes, only to have the call dropped. Submitted three tickets and received zero response. Horrible service!",1,2026-09-24
Jessica Taylor,"The mobile app keeps crashing whenever I try to navigate to billing or change my password. Really annoying bug.",2,2026-09-25
Thomas Mueller,"Good value for money. Does what it promises without bells and whistles. Happy with the purchase.",4,2026-09-26
Rachel Adams,"Courier left the package out in the heavy rain instead of placing it under the porch. Product was soaked and damaged.",1,2026-09-27
Daniel Ortiz,"Canceled my subscription last month, yet received another invoice yesterday. Fix your billing system please.",2,2026-09-28
Emily Watson,"Outstanding customer support by Alex. Solved my sync problem smoothly and followed up the next day to confirm.",5,2026-09-29
Carlos Gomez,"Average product. Packaging could be more eco-friendly, but the build quality is decent for this price bracket.",3,2026-09-30
Kevin Larson,"Wish it had dark mode and export to CSV functionality. Those missing features would make this a 5-star tool.",3,2026-10-01
Hannah Abbott,"Super fast delivery, received next day! Quality exceeds expectations and setup took under 2 minutes.",5,2026-10-02
Greg Simmons,"Furious! Product broke on day 3. The plastic clip snapped off easily and customer service refused to refund. Waste of money.",1,2026-10-03
Amina Al-Mansoor,"Seamless onboarding experience and clean user interface. Exactly what our company needed.",5,2026-10-04
